méthode,f_removed,k,TP,precision@k,recall@k,n_candidates,n_removed,réseau
CommonNeighbors,0.05,50,25,0.5,0.015160703456640388,50000,1649,Simmons81
CommonNeighbors,0.05,100,35,0.35,0.021224984839296544,50000,1649,Simmons81
CommonNeighbors,0.05,200,51,0.255,0.030927835051546393,50000,1649,Simmons81
CommonNeighbors,0.05,300,67,0.22333333333333333,0.04063068526379624,50000,1649,Simmons81
CommonNeighbors,0.05,400,79,0.1975,0.04790782292298363,50000,1649,Simmons81
CommonNeighbors,0.1,50,36,0.72,0.010915706488781079,50000,3298,Simmons81
CommonNeighbors,0.1,100,57,0.57,0.017283201940570043,50000,3298,Simmons81
CommonNeighbors,0.1,200,86,0.43,0.02607640994542147,50000,3298,Simmons81
CommonNeighbors,0.1,300,112,0.37333333333333335,0.03395997574287447,50000,3298,Simmons81
CommonNeighbors,0.1,400,134,0.335,0.04063068526379624,50000,3298,Simmons81
CommonNeighbors,0.15,50,40,0.8,0.008085708510208208,50000,4947,Simmons81
CommonNeighbors,0.15,100,75,0.75,0.015160703456640388,50000,4947,Simmons81
CommonNeighbors,0.15,200,132,0.66,0.026682838083687082,50000,4947,Simmons81
CommonNeighbors,0.15,300,178,0.5933333333333334,0.03598140287042652,50000,4947,Simmons81
CommonNeighbors,0.15,400,212,0.53,0.0428542551041035,50000,4947,Simmons81
CommonNeighbors,0.2,50,43,0.86,0.006519102486355367,50000,6596,Simmons81
CommonNeighbors,0.2,100,81,0.81,0.012280169799878714,50000,6596,Simmons81
CommonNeighbors,0.2,200,149,0.745,0.022589448150394178,50000,6596,Simmons81
CommonNeighbors,0.2,300,200,0.6666666666666666,0.030321406913280776,50000,6596,Simmons81
CommonNeighbors,0.2,400,233,0.5825,0.035324439053972104,50000,6596,Simmons81
Jaccard,0.05,50,13,0.26,0.007883565797453002,50000,1649,Simmons81
Jaccard,0.05,100,19,0.19,0.011522134627046696,50000,1649,Simmons81
Jaccard,0.05,200,28,0.14,0.016979987871437233,50000,1649,Simmons81
Jaccard,0.05,300,33,0.11,0.02001212856276531,50000,1649,Simmons81
Jaccard,0.05,400,43,0.1075,0.02607640994542147,50000,1649,Simmons81
Jaccard,0.1,50,29,0.58,0.008793208004851425,50000,3298,Simmons81
Jaccard,0.1,100,44,0.44,0.013341419041843541,50000,3298,Simmons81
Jaccard,0.1,200,74,0.37,0.022437841115827774,50000,3298,Simmons81
Jaccard,0.1,300,109,0.36333333333333334,0.03305033353547605,50000,3298,Simmons81
Jaccard,0.1,400,135,0.3375,0.04093389933292905,50000,3298,Simmons81
Jaccard,0.15,50,21,0.42,0.004244996967859308,50000,4947,Simmons81
Jaccard,0.15,100,34,0.34,0.006872852233676976,50000,4947,Simmons81
Jaccard,0.15,200,59,0.295,0.011926420052557105,50000,4947,Simmons81
Jaccard,0.15,300,87,0.29,0.01758641600970285,50000,4947,Simmons81
Jaccard,0.15,400,103,0.2575,0.020820699413786132,50000,4947,Simmons81
Jaccard,0.2,50,36,0.72,0.005457853244390539,50000,6596,Simmons81
Jaccard,0.2,100,61,0.61,0.009248029108550637,50000,6596,Simmons81
Jaccard,0.2,200,94,0.47,0.014251061249241965,50000,6596,Simmons81
Jaccard,0.2,300,128,0.4266666666666667,0.019405700424499697,50000,6596,Simmons81
Jaccard,0.2,400,165,0.4125,0.02501516070345664,50000,6596,Simmons81
AdamicAdar,0.05,50,22,0.44,0.013341419041843541,50000,1649,Simmons81
AdamicAdar,0.05,100,36,0.36,0.021831412977562158,50000,1649,Simmons81
AdamicAdar,0.05,200,54,0.27,0.03274711946634324,50000,1649,Simmons81
AdamicAdar,0.05,300,75,0.25,0.04548211036992116,50000,1649,Simmons81
AdamicAdar,0.05,400,88,0.22,0.053365676167374164,50000,1649,Simmons81
AdamicAdar,0.1,50,34,0.68,0.010309278350515464,50000,3298,Simmons81
AdamicAdar,0.1,100,57,0.57,0.017283201940570043,50000,3298,Simmons81
AdamicAdar,0.1,200,96,0.48,0.029108550636749546,50000,3298,Simmons81
AdamicAdar,0.1,300,124,0.41333333333333333,0.03759854457246816,50000,3298,Simmons81
AdamicAdar,0.1,400,150,0.375,0.04548211036992116,50000,3298,Simmons81
AdamicAdar,0.15,50,40,0.8,0.008085708510208208,50000,4947,Simmons81
AdamicAdar,0.15,100,73,0.73,0.014756418031129977,50000,4947,Simmons81
AdamicAdar,0.15,200,128,0.64,0.02587426723266626,50000,4947,Simmons81
AdamicAdar,0.15,300,168,0.56,0.03395997574287447,50000,4947,Simmons81
AdamicAdar,0.15,400,190,0.475,0.038407115423488986,50000,4947,Simmons81
AdamicAdar,0.2,50,39,0.78,0.005912674348089751,50000,6596,Simmons81
AdamicAdar,0.2,100,74,0.74,0.011218920557913887,50000,6596,Simmons81
AdamicAdar,0.2,200,126,0.63,0.01910248635536689,50000,6596,Simmons81
AdamicAdar,0.2,300,165,0.55,0.02501516070345664,50000,6596,Simmons81
AdamicAdar,0.2,400,200,0.5,0.030321406913280776,50000,6596,Simmons81
CommonNeighbors,0.05,50,25,0.5,0.0011308123756106386,50000,22108,UC61
CommonNeighbors,0.05,100,40,0.4,0.0018092998009770218,50000,22108,UC61
CommonNeighbors,0.05,200,57,0.285,0.002578252216392256,50000,22108,UC61
CommonNeighbors,0.05,300,69,0.23,0.0031210421566853627,50000,22108,UC61
CommonNeighbors,0.05,400,90,0.225,0.004070924552198299,50000,22108,UC61
CommonNeighbors,0.1,50,36,0.72,0.0008141849104396599,50000,44216,UC61
CommonNeighbors,0.1,100,69,0.69,0.0015605210783426813,50000,44216,UC61
CommonNeighbors,0.1,200,125,0.625,0.002827030939026597,50000,44216,UC61
CommonNeighbors,0.1,300,165,0.55,0.003731680839515108,50000,44216,UC61
CommonNeighbors,0.1,400,201,0.5025,0.004545865749954767,50000,44216,UC61
CommonNeighbors,0.15,50,44,0.88,0.0006633999246136449,50000,66325,UC61
CommonNeighbors,0.15,100,87,0.87,0.0013117225782133433,50000,66325,UC61
CommonNeighbors,0.15,200,169,0.845,0.0025480588013569545,50000,66325,UC61
CommonNeighbors,0.15,300,239,0.7966666666666666,0.0036034677723332078,50000,66325,UC61
CommonNeighbors,0.15,400,309,0.7725,0.004658876743309461,50000,66325,UC61
CommonNeighbors,0.2,50,45,0.9,0.0005088598147750275,50000,88433,UC61
CommonNeighbors,0.2,100,83,0.83,0.0009385636583628283,50000,88433,UC61
CommonNeighbors,0.2,200,154,0.77,0.0017414313661189827,50000,88433,UC61
CommonNeighbors,0.2,300,215,0.7166666666666667,0.0024312191150362423,50000,88433,UC61
CommonNeighbors,0.2,400,277,0.6925,0.003132314859837391,50000,88433,UC61
Jaccard,0.05,50,20,0.4,0.0009046499004885109,50000,22108,UC61
Jaccard,0.05,100,39,0.39,0.0017640673059525964,50000,22108,UC61
Jaccard,0.05,200,82,0.41,0.003709064592002895,50000,22108,UC61
Jaccard,0.05,300,117,0.39,0.005292201917857789,50000,22108,UC61
Jaccard,0.05,400,147,0.3675,0.0066491767685905555,50000,22108,UC61
Jaccard,0.1,50,36,0.72,0.0008141849104396599,50000,44216,UC61
Jaccard,0.1,100,65,0.65,0.0014700560882938303,50000,44216,UC61
Jaccard,0.1,200,137,0.685,0.00309842590917315,50000,44216,UC61
Jaccard,0.1,300,190,0.6333333333333333,0.004297087027320427,50000,44216,UC61
Jaccard,0.1,400,229,0.5725,0.005179120680296725,50000,44216,UC61
Jaccard,0.15,50,30,0.6,0.0004523181304183943,50000,66325,UC61
Jaccard,0.15,100,65,0.65,0.000980022615906521,50000,66325,UC61
Jaccard,0.15,200,136,0.68,0.0020505088578967206,50000,66325,UC61
Jaccard,0.15,300,193,0.6433333333333333,0.00290991330569167,50000,66325,UC61
Jaccard,0.15,400,253,0.6325,0.0038145495665284582,50000,66325,UC61
Jaccard,0.2,50,37,0.74,0.0004183958477039114,50000,88433,UC61
Jaccard,0.2,100,69,0.69,0.0007802517159883754,50000,88433,UC61
Jaccard,0.2,200,137,0.685,0.0015491954360928612,50000,88433,UC61
Jaccard,0.2,300,204,0.68,0.0023068311603134575,50000,88433,UC61
Jaccard,0.2,400,277,0.6925,0.003132314859837391,50000,88433,UC61
AdamicAdar,0.05,50,33,0.66,0.0014926723358060431,50000,22108,UC61
AdamicAdar,0.05,100,59,0.59,0.0026687172064411074,50000,22108,UC61
AdamicAdar,0.05,200,106,0.53,0.004794644472589108,50000,22108,UC61
AdamicAdar,0.05,300,138,0.46,0.006242084313370725,50000,22108,UC61
AdamicAdar,0.05,400,175,0.4375,0.007915686629274471,50000,22108,UC61
AdamicAdar,0.1,50,44,0.88,0.000995114890537362,50000,44216,UC61
AdamicAdar,0.1,100,88,0.88,0.001990229781074724,50000,44216,UC61
AdamicAdar,0.1,200,167,0.835,0.003776913334539533,50000,44216,UC61
AdamicAdar,0.1,300,240,0.8,0.005427899402931066,50000,44216,UC61
AdamicAdar,0.1,400,298,0.745,0.006739641758639407,50000,44216,UC61
AdamicAdar,0.15,50,43,0.86,0.0006483226535996985,50000,66325,UC61
AdamicAdar,0.15,100,82,0.82,0.001236336223143611,50000,66325,UC61
AdamicAdar,0.15,200,156,0.78,0.00235205427817565,50000,66325,UC61
AdamicAdar,0.15,300,226,0.7533333333333333,0.0034074632491519034,50000,66325,UC61
AdamicAdar,0.15,400,292,0.73,0.004402563136072371,50000,66325,UC61
AdamicAdar,0.2,50,46,0.92,0.0005201678106589169,50000,88433,UC61
AdamicAdar,0.2,100,90,0.9,0.001017719629550055,50000,88433,UC61
AdamicAdar,0.2,200,171,0.855,0.0019336672961451041,50000,88433,UC61
AdamicAdar,0.2,300,248,0.8266666666666667,0.0028043829792045957,50000,88433,UC61
AdamicAdar,0.2,400,315,0.7875,0.003562018703425192,50000,88433,UC61
CommonNeighbors,0.05,50,34,0.68,0.003028143925899537,50000,11228,UCSC68
CommonNeighbors,0.05,100,61,0.61,0.005432846455290345,50000,11228,UCSC68
CommonNeighbors,0.05,200,108,0.54,0.009618810117563235,50000,11228,UCSC68
CommonNeighbors,0.05,300,132,0.44,0.011756323477021732,50000,11228,UCSC68
CommonNeighbors,0.05,400,147,0.3675,0.013092269326683292,50000,11228,UCSC68
CommonNeighbors,0.1,50,39,0.78,0.0017366522687803356,50000,22457,UCSC68
CommonNeighbors,0.1,100,70,0.7,0.003117068174733936,50000,22457,UCSC68
CommonNeighbors,0.1,200,124,0.62,0.005521663623814401,50000,22457,UCSC68
CommonNeighbors,0.1,300,168,0.56,0.007480963619361446,50000,22457,UCSC68
CommonNeighbors,0.1,400,204,0.51,0.009084027252081756,50000,22457,UCSC68
CommonNeighbors,0.15,50,41,0.82,0.0012171228403491064,50000,33686,UCSC68
CommonNeighbors,0.15,100,85,0.85,0.002523303449504245,50000,33686,UCSC68
CommonNeighbors,0.15,200,162,0.81,0.004809119515525737,50000,33686,UCSC68
CommonNeighbors,0.15,300,225,0.75,0.006679332660452414,50000,33686,UCSC68
CommonNeighbors,0.15,400,281,0.7025,0.00834174434483168,50000,33686,UCSC68
CommonNeighbors,0.2,50,44,0.88,0.000979628186574641,50000,44915,UCSC68
CommonNeighbors,0.2,100,88,0.88,0.001959256373149282,50000,44915,UCSC68
CommonNeighbors,0.2,200,168,0.84,0.00374039853055772,50000,44915,UCSC68
CommonNeighbors,0.2,300,239,0.7966666666666666,0.005321162195257709,50000,44915,UCSC68
CommonNeighbors,0.2,400,303,0.7575,0.006746075921184459,50000,44915,UCSC68
Jaccard,0.05,50,22,0.44,0.0019593872461702885,50000,11228,UCSC68
Jaccard,0.05,100,49,0.49,0.004364089775561097,50000,11228,UCSC68
Jaccard,0.05,200,79,0.395,0.007035981474884218,50000,11228,UCSC68
Jaccard,0.05,300,105,0.35,0.009351620947630923,50000,11228,UCSC68
Jaccard,0.05,400,122,0.305,0.01086569291058069,50000,11228,UCSC68
Jaccard,0.1,50,35,0.7,0.001558534087366968,50000,22457,UCSC68
Jaccard,0.1,100,75,0.75,0.003339715901500646,50000,22457,UCSC68
Jaccard,0.1,200,145,0.725,0.006456784076234581,50000,22457,UCSC68
Jaccard,0.1,300,196,0.6533333333333333,0.008727790889255021,50000,22457,UCSC68
Jaccard,0.1,400,244,0.61,0.010865209066215433,50000,22457,UCSC68
Jaccard,0.15,50,34,0.68,0.001009321379801698,50000,33686,UCSC68
Jaccard,0.15,100,71,0.71,0.0021077005284094283,50000,33686,UCSC68
Jaccard,0.15,200,146,0.73,0.004334144748560233,50000,33686,UCSC68
Jaccard,0.15,300,213,0.71,0.0063231015852282845,50000,33686,UCSC68
Jaccard,0.15,400,277,0.6925,0.008223000653090305,50000,33686,UCSC68
Jaccard,0.2,50,39,0.78,0.0008683068017366136,50000,44915,UCSC68
Jaccard,0.2,100,79,0.79,0.0017588778804408327,50000,44915,UCSC68
Jaccard,0.2,200,159,0.795,0.0035400200378492707,50000,44915,UCSC68
Jaccard,0.2,300,234,0.78,0.005209840810419681,50000,44915,UCSC68
Jaccard,0.2,400,298,0.745,0.006634754536346432,50000,44915,UCSC68
AdamicAdar,0.05,50,29,0.58,0.002582828642679017,50000,11228,UCSC68
AdamicAdar,0.05,100,52,0.52,0.004631278945493409,50000,11228,UCSC68
AdamicAdar,0.05,200,78,0.39,0.006946918418240114,50000,11228,UCSC68
AdamicAdar,0.05,300,99,0.33,0.008817242607766299,50000,11228,UCSC68
AdamicAdar,0.05,400,119,0.2975,0.01059850374064838,50000,11228,UCSC68
AdamicAdar,0.1,50,39,0.78,0.0017366522687803356,50000,22457,UCSC68
AdamicAdar,0.1,100,72,0.72,0.00320612726544062,50000,22457,UCSC68
AdamicAdar,0.1,200,135,0.675,0.006011488622701162,50000,22457,UCSC68
AdamicAdar,0.1,300,179,0.5966666666666667,0.007970788618248207,50000,22457,UCSC68
AdamicAdar,0.1,400,223,0.5575,0.009930088613795253,50000,22457,UCSC68
AdamicAdar,0.15,50,45,0.9,0.0013358665320904828,50000,33686,UCSC68
AdamicAdar,0.15,100,81,0.81,0.0024045597577628686,50000,33686,UCSC68
AdamicAdar,0.15,200,165,0.825,0.00489817728433177,50000,33686,UCSC68
AdamicAdar,0.15,300,231,0.77,0.0068574481980644775,50000,33686,UCSC68
AdamicAdar,0.15,400,293,0.7325,0.00869797542005581,50000,33686,UCSC68
AdamicAdar,0.2,50,44,0.88,0.000979628186574641,50000,44915,UCSC68
AdamicAdar,0.2,100,87,0.87,0.0019369920961816766,50000,44915,UCSC68
AdamicAdar,0.2,200,161,0.805,0.003584548591784482,50000,44915,UCSC68
AdamicAdar,0.2,300,228,0.76,0.005076255148614049,50000,44915,UCSC68
AdamicAdar,0.2,400,285,0.7125,0.006345318935767561,50000,44915,UCSC68
CommonNeighbors,0.05,50,18,0.36,0.0008391999627022239,50000,21449,UCF52
CommonNeighbors,0.05,100,34,0.34,0.0015851554851042007,50000,21449,UCF52
CommonNeighbors,0.05,200,59,0.295,0.0027507109888572894,50000,21449,UCF52
CommonNeighbors,0.05,300,92,0.30666666666666664,0.004289244253811366,50000,21449,UCF52
CommonNeighbors,0.05,400,128,0.32,0.005967644179215814,50000,21449,UCF52
CommonNeighbors,0.1,50,33,0.66,0.0007692666324770385,50000,42898,UCF52
CommonNeighbors,0.1,100,64,0.64,0.0014919110448039536,50000,42898,UCF52
CommonNeighbors,0.1,200,131,0.655,0.0030537554198330923,50000,42898,UCF52
CommonNeighbors,0.1,300,185,0.6166666666666667,0.004312555363886428,50000,42898,UCF52
CommonNeighbors,0.1,400,227,0.5675,0.005291621987039022,50000,42898,UCF52
CommonNeighbors,0.15,50,36,0.72,0.0005594579474109529,50000,64348,UCF52
CommonNeighbors,0.15,100,78,0.78,0.0012121588860570648,50000,64348,UCF52
CommonNeighbors,0.15,200,152,0.76,0.002362155777957357,50000,64348,UCF52
CommonNeighbors,0.15,300,230,0.7666666666666667,0.0035743146640144214,50000,64348,UCF52
CommonNeighbors,0.15,400,285,0.7125,0.004429042083670044,50000,64348,UCF52
CommonNeighbors,0.2,50,47,0.94,0.0005478047017961001,50000,85797,UCF52
CommonNeighbors,0.2,100,93,0.93,0.0010839539844050491,50000,85797,UCF52
CommonNeighbors,0.2,200,181,0.905,0.002109630872874343,50000,85797,UCF52
CommonNeighbors,0.2,300,272,0.9066666666666666,0.00317027401890509,50000,85797,UCF52
CommonNeighbors,0.2,400,362,0.905,0.004219261745748686,50000,85797,UCF52
Jaccard,0.05,50,30,0.6,0.0013986666045037064,50000,21449,UCF52
Jaccard,0.05,100,57,0.57,0.0026574665485570425,50000,21449,UCF52
Jaccard,0.05,200,96,0.48,0.004475733134411861,50000,21449,UCF52
Jaccard,0.05,300,135,0.45,0.006293999720266679,50000,21449,UCF52
Jaccard,0.05,400,163,0.4075,0.007599421884470138,50000,21449,UCF52
Jaccard,0.1,50,31,0.62,0.0007226444123269151,50000,42898,UCF52
Jaccard,0.1,100,64,0.64,0.0014919110448039536,50000,42898,UCF52
Jaccard,0.1,200,115,0.575,0.0026807776586321042,50000,42898,UCF52
Jaccard,0.1,300,158,0.5266666666666666,0.0036831553918597604,50000,42898,UCF52
Jaccard,0.1,400,200,0.5,0.004662222015012355,50000,42898,UCF52
Jaccard,0.15,50,36,0.72,0.0005594579474109529,50000,64348,UCF52
Jaccard,0.15,100,71,0.71,0.0011033753962827128,50000,64348,UCF52
Jaccard,0.15,200,138,0.69,0.0021445887984086528,50000,64348,UCF52
Jaccard,0.15,300,194,0.6466666666666666,0.0030148567166034686,50000,64348,UCF52
Jaccard,0.15,400,252,0.63,0.003916205631876671,50000,64348,UCF52
Jaccard,0.2,50,45,0.9,0.0005244938634217979,50000,85797,UCF52
Jaccard,0.2,100,87,0.87,0.0010140214692821428,50000,85797,UCF52
Jaccard,0.2,200,171,0.855,0.001993076681002832,50000,85797,UCF52
Jaccard,0.2,300,251,0.8366666666666667,0.0029255102159749177,50000,85797,UCF52
Jaccard,0.2,400,320,0.8,0.003729734139888341,50000,85797,UCF52
AdamicAdar,0.05,50,30,0.6,0.0013986666045037064,50000,21449,UCF52
AdamicAdar,0.05,100,59,0.59,0.0027507109888572894,50000,21449,UCF52
AdamicAdar,0.05,200,117,0.585,0.005454799757564455,50000,21449,UCF52
AdamicAdar,0.05,300,151,0.5033333333333333,0.007039955242668656,50000,21449,UCF52
AdamicAdar,0.05,400,176,0.44,0.008205510746421745,50000,21449,UCF52
AdamicAdar,0.1,50,33,0.66,0.0007692666324770385,50000,42898,UCF52
AdamicAdar,0.1,100,69,0.69,0.0016084665951792624,50000,42898,UCF52
AdamicAdar,0.1,200,140,0.7,0.0032635554105086484,50000,42898,UCF52
AdamicAdar,0.1,300,201,0.67,0.0046855331250874165,50000,42898,UCF52
AdamicAdar,0.1,400,261,0.6525,0.006084199729591123,50000,42898,UCF52
AdamicAdar,0.15,50,25,0.5,0.00038851246347982845,50000,64348,UCF52
AdamicAdar,0.15,100,52,0.52,0.0008081059240380432,50000,64348,UCF52
AdamicAdar,0.15,200,113,0.565,0.0017560763349288246,50000,64348,UCF52
AdamicAdar,0.15,300,175,0.5833333333333334,0.002719587244358799,50000,64348,UCF52
AdamicAdar,0.15,400,240,0.6,0.0037297196494063527,50000,64348,UCF52
AdamicAdar,0.2,50,30,0.6,0.000349662575614532,50000,85797,UCF52
AdamicAdar,0.2,100,66,0.66,0.0007692576663519703,50000,85797,UCF52
AdamicAdar,0.2,200,135,0.675,0.001573481590265394,50000,85797,UCF52
AdamicAdar,0.2,300,203,0.6766666666666666,0.002366050094991666,50000,85797,UCF52
AdamicAdar,0.2,400,265,0.6625,0.0030886860845950326,50000,85797,UCF52
CommonNeighbors,0.05,50,20,0.4,0.0007353481873667181,50000,27198,Syracuse56
CommonNeighbors,0.05,100,44,0.44,0.00161776601220678,50000,27198,Syracuse56
CommonNeighbors,0.05,200,72,0.36,0.0026472534745201853,50000,27198,Syracuse56
CommonNeighbors,0.05,300,97,0.3233333333333333,0.003566438708728583,50000,27198,Syracuse56
CommonNeighbors,0.05,400,117,0.2925,0.004301786896095301,50000,27198,Syracuse56
CommonNeighbors,0.1,50,33,0.66,0.0006066511020828355,50000,54397,Syracuse56
CommonNeighbors,0.1,100,66,0.66,0.001213302204165671,50000,54397,Syracuse56
CommonNeighbors,0.1,200,117,0.585,0.0021508539073845983,50000,54397,Syracuse56
CommonNeighbors,0.1,300,161,0.5366666666666666,0.002959722043495046,50000,54397,Syracuse56
CommonNeighbors,0.1,400,199,0.4975,0.0036582899792267955,50000,54397,Syracuse56
CommonNeighbors,0.15,50,40,0.8,0.0004902201088288642,50000,81596,Syracuse56
CommonNeighbors,0.15,100,86,0.86,0.0010539732339820578,50000,81596,Syracuse56
CommonNeighbors,0.15,200,170,0.85,0.0020834354625226727,50000,81596,Syracuse56
CommonNeighbors,0.15,300,246,0.82,0.0030148536692975146,50000,81596,Syracuse56
CommonNeighbors,0.15,400,306,0.765,0.003750183832540811,50000,81596,Syracuse56
CommonNeighbors,0.2,50,40,0.8,0.0003676639551449975,50000,108795,Syracuse56
CommonNeighbors,0.2,100,85,0.85,0.0007812859046831196,50000,108795,Syracuse56
CommonNeighbors,0.2,200,170,0.85,0.0015625718093662392,50000,108795,Syracuse56
CommonNeighbors,0.2,300,245,0.8166666666666667,0.0022519417252631095,50000,108795,Syracuse56
CommonNeighbors,0.2,400,317,0.7925,0.002913736844524105,50000,108795,Syracuse56
Jaccard,0.05,50,18,0.36,0.0006618133686300463,50000,27198,Syracuse56
Jaccard,0.05,100,40,0.4,0.0014706963747334362,50000,27198,Syracuse56
Jaccard,0.05,200,77,0.385,0.002831090521361865,50000,27198,Syracuse56
Jaccard,0.05,300,110,0.36666666666666664,0.00404441503051695,50000,27198,Syracuse56
Jaccard,0.05,400,139,0.3475,0.005110669902198691,50000,27198,Syracuse56
Jaccard,0.1,50,29,0.58,0.0005331176351637039,50000,54397,Syracuse56
Jaccard,0.1,100,53,0.53,0.0009743184366784933,50000,54397,Syracuse56
Jaccard,0.1,200,115,0.575,0.0021140871739250325,50000,54397,Syracuse56
Jaccard,0.1,300,167,0.5566666666666666,0.003070022243873743,50000,54397,Syracuse56
Jaccard,0.1,400,216,0.54,0.003970807213633105,50000,54397,Syracuse56
Jaccard,0.15,50,39,0.78,0.00047796460610814256,50000,81596,Syracuse56
Jaccard,0.15,100,76,0.76,0.0009314182067748419,50000,81596,Syracuse56
Jaccard,0.15,200,144,0.72,0.001764792391783911,50000,81596,Syracuse56
Jaccard,0.15,300,206,0.6866666666666666,0.0025246335604686503,50000,81596,Syracuse56
Jaccard,0.15,400,259,0.6475,0.0031741752046668954,50000,81596,Syracuse56
Jaccard,0.2,50,35,0.7,0.0003217059607518728,50000,108795,Syracuse56
Jaccard,0.2,100,65,0.65,0.0005974539271106209,50000,108795,Syracuse56
Jaccard,0.2,200,133,0.665,0.0012224826508571167,50000,108795,Syracuse56
Jaccard,0.2,300,198,0.66,0.0018199365779677376,50000,108795,Syracuse56
Jaccard,0.2,400,265,0.6625,0.0024357737028356083,50000,108795,Syracuse56
AdamicAdar,0.05,50,27,0.54,0.0009927200529450694,50000,27198,Syracuse56
AdamicAdar,0.05,100,54,0.54,0.001985440105890139,50000,27198,Syracuse56
AdamicAdar,0.05,200,97,0.485,0.003566438708728583,50000,27198,Syracuse56
AdamicAdar,0.05,300,121,0.4033333333333333,0.004448856533568645,50000,27198,Syracuse56
AdamicAdar,0.05,400,135,0.3375,0.004963600264725348,50000,27198,Syracuse56
AdamicAdar,0.1,50,39,0.78,0.0007169513024615328,50000,54397,Syracuse56
AdamicAdar,0.1,100,73,0.73,0.001341985771274151,50000,54397,Syracuse56
AdamicAdar,0.1,200,124,0.62,0.002279537474493079,50000,54397,Syracuse56
AdamicAdar,0.1,300,161,0.5366666666666666,0.002959722043495046,50000,54397,Syracuse56
AdamicAdar,0.1,400,191,0.4775,0.0035112230453885323,50000,54397,Syracuse56
AdamicAdar,0.15,50,37,0.74,0.00045345360066669936,50000,81596,Syracuse56
AdamicAdar,0.15,100,78,0.78,0.0009559292122162851,50000,81596,Syracuse56
AdamicAdar,0.15,200,154,0.77,0.001887347418991127,50000,81596,Syracuse56
AdamicAdar,0.15,300,212,0.7066666666666667,0.00259816657679298,50000,81596,Syracuse56
AdamicAdar,0.15,400,270,0.675,0.0033089857345948333,50000,81596,Syracuse56
AdamicAdar,0.2,50,41,0.82,0.0003768555540236224,50000,108795,Syracuse56
AdamicAdar,0.2,100,82,0.82,0.0007537111080472448,50000,108795,Syracuse56
AdamicAdar,0.2,200,157,0.785,0.001443081023944115,50000,108795,Syracuse56
AdamicAdar,0.2,300,219,0.73,0.002012960154418861,50000,108795,Syracuse56
AdamicAdar,0.2,400,288,0.72,0.002647180477043982,50000,108795,Syracuse56
CommonNeighbors,0.05,50,12,0.24,0.0011716461628588166,50000,10242,Howard90
CommonNeighbors,0.05,100,28,0.28,0.0027338410466705722,50000,10242,Howard90
CommonNeighbors,0.05,200,45,0.225,0.004393673110720563,50000,10242,Howard90
CommonNeighbors,0.05,300,59,0.19666666666666666,0.005760593634055848,50000,10242,Howard90
CommonNeighbors,0.05,400,80,0.2,0.007810974419058777,50000,10242,Howard90
CommonNeighbors,0.1,50,24,0.48,0.0011715889675372223,50000,20485,Howard90
CommonNeighbors,0.1,100,42,0.42,0.002050280693190139,50000,20485,Howard90
CommonNeighbors,0.1,200,79,0.395,0.0038564803514766904,50000,20485,Howard90
CommonNeighbors,0.1,300,113,0.37666666666666665,0.005516231388821089,50000,20485,Howard90
CommonNeighbors,0.1,400,129,0.3225,0.00629729070051257,50000,20485,Howard90
CommonNeighbors,0.15,50,21,0.42,0.0006834380186806391,50000,30727,Howard90
CommonNeighbors,0.15,100,44,0.44,0.0014319653724737202,50000,30727,Howard90
CommonNeighbors,0.15,200,80,0.4,0.002603573404497673,50000,30727,Howard90
CommonNeighbors,0.15,300,125,0.4166666666666667,0.0040680834445276145,50000,30727,Howard90
CommonNeighbors,0.15,400,150,0.375,0.004881700133433137,50000,30727,Howard90
CommonNeighbors,0.2,50,30,0.6,0.000732243104710764,50000,40970,Howard90
CommonNeighbors,0.2,100,56,0.56,0.0013668537954600927,50000,40970,Howard90
CommonNeighbors,0.2,200,99,0.495,0.002416402245545521,50000,40970,Howard90
CommonNeighbors,0.2,300,136,0.4533333333333333,0.0033195020746887966,50000,40970,Howard90
CommonNeighbors,0.2,400,173,0.4325,0.004222601903832072,50000,40970,Howard90
Jaccard,0.05,50,31,0.62,0.0030267525873852764,50000,10242,Howard90
Jaccard,0.05,100,48,0.48,0.0046865846514352666,50000,10242,Howard90
Jaccard,0.05,200,76,0.38,0.007420425698105838,50000,10242,Howard90
Jaccard,0.05,300,106,0.35333333333333333,0.01034954110525288,50000,10242,Howard90
Jaccard,0.05,400,123,0.3075,0.01200937316930287,50000,10242,Howard90
Jaccard,0.1,50,33,0.66,0.0016109348303636807,50000,20485,Howard90
Jaccard,0.1,100,62,0.62,0.003026604832804491,50000,20485,Howard90
Jaccard,0.1,200,119,0.595,0.005809128630705394,50000,20485,Howard90
Jaccard,0.1,300,173,0.5766666666666667,0.008445203807664144,50000,20485,Howard90
Jaccard,0.1,400,209,0.5225,0.010202587258969978,50000,20485,Howard90
Jaccard,0.15,50,47,0.94,0.0015295993751423828,50000,30727,Howard90
Jaccard,0.15,100,87,0.87,0.0028313860773912193,50000,30727,Howard90
Jaccard,0.15,200,164,0.82,0.00533732547922023,50000,30727,Howard90
Jaccard,0.15,300,230,0.7666666666666667,0.00748527353793081,50000,30727,Howard90
Jaccard,0.15,400,286,0.715,0.009307774921079181,50000,30727,Howard90
Jaccard,0.2,50,44,0.88,0.0010739565535757872,50000,40970,Howard90
Jaccard,0.2,100,84,0.84,0.002050280693190139,50000,40970,Howard90
Jaccard,0.2,200,154,0.77,0.003758847937515255,50000,40970,Howard90
Jaccard,0.2,300,210,0.7,0.005125701732975348,50000,40970,Howard90
Jaccard,0.2,400,269,0.6725,0.006565779838906517,50000,40970,Howard90
AdamicAdar,0.05,50,12,0.24,0.0011716461628588166,50000,10242,Howard90
AdamicAdar,0.05,100,25,0.25,0.002440929505955868,50000,10242,Howard90
AdamicAdar,0.05,200,43,0.215,0.004198398750244093,50000,10242,Howard90
AdamicAdar,0.05,300,68,0.22666666666666666,0.006639328256199961,50000,10242,Howard90
AdamicAdar,0.05,400,86,0.215,0.008396797500488187,50000,10242,Howard90
AdamicAdar,0.1,50,22,0.44,0.0010739565535757872,50000,20485,Howard90
AdamicAdar,0.1,100,38,0.38,0.0018550158652672686,50000,20485,Howard90
AdamicAdar,0.1,200,69,0.345,0.0033683182816695145,50000,20485,Howard90
AdamicAdar,0.1,300,87,0.29,0.004247010007322431,50000,20485,Howard90
AdamicAdar,0.1,400,108,0.27,0.005272150353917501,50000,20485,Howard90
AdamicAdar,0.15,50,29,0.58,0.0009437953591304065,50000,30727,Howard90
AdamicAdar,0.15,100,50,0.5,0.0016272333778110458,50000,30727,Howard90
AdamicAdar,0.15,200,90,0.45,0.0029290200800598824,50000,30727,Howard90
AdamicAdar,0.15,300,123,0.41,0.004002994109415172,50000,30727,Howard90
AdamicAdar,0.15,400,151,0.3775,0.004914244800989358,50000,30727,Howard90
AdamicAdar,0.2,50,27,0.54,0.0006590187942396876,50000,40970,Howard90
AdamicAdar,0.2,100,47,0.47,0.0011471808640468636,50000,40970,Howard90
AdamicAdar,0.2,200,95,0.475,0.002318769831584086,50000,40970,Howard90
AdamicAdar,0.2,300,144,0.48,0.003514766902611667,50000,40970,Howard90
AdamicAdar,0.2,400,185,0.4625,0.004515499145716377,50000,40970,Howard90
CommonNeighbors,0.05,50,6,0.12,0.00010726161106939826,50000,55938,MSU24
CommonNeighbors,0.05,100,10,0.1,0.00017876935178233043,50000,55938,MSU24
CommonNeighbors,0.05,200,16,0.08,0.0002860309628517287,50000,55938,MSU24
CommonNeighbors,0.05,300,25,0.08333333333333333,0.0004469233794558261,50000,55938,MSU24
CommonNeighbors,0.05,400,35,0.0875,0.0006256927312381566,50000,55938,MSU24
CommonNeighbors,0.1,50,20,0.4,0.00017876935178233043,50000,111876,MSU24
CommonNeighbors,0.1,100,28,0.28,0.0002502770924952626,50000,111876,MSU24
CommonNeighbors,0.1,200,61,0.305,0.0005452465229361078,50000,111876,MSU24
CommonNeighbors,0.1,300,94,0.31333333333333335,0.0008402159533769531,50000,111876,MSU24
CommonNeighbors,0.1,400,129,0.3225,0.0011530623189960312,50000,111876,MSU24
CommonNeighbors,0.15,50,26,0.52,0.000154932514971844,50000,167815,MSU24
CommonNeighbors,0.15,100,45,0.45,0.00026815242975896075,50000,167815,MSU24
CommonNeighbors,0.15,200,84,0.42,0.0005005512022167268,50000,167815,MSU24
CommonNeighbors,0.15,300,120,0.4,0.0007150731460238953,50000,167815,MSU24
CommonNeighbors,0.15,400,157,0.3925,0.0009355540327145964,50000,167815,MSU24
CommonNeighbors,0.2,50,39,0.78,0.00017429933900327594,50000,223753,MSU24
CommonNeighbors,0.2,100,64,0.64,0.0002860296845181964,50000,223753,MSU24
CommonNeighbors,0.2,200,134,0.67,0.0005988746519599737,50000,223753,MSU24
CommonNeighbors,0.2,300,189,0.63,0.0008446814120927988,50000,223753,MSU24
CommonNeighbors,0.2,400,246,0.615,0.0010994265998668174,50000,223753,MSU24
Jaccard,0.05,50,25,0.5,0.0004469233794558261,50000,55938,MSU24
Jaccard,0.05,100,43,0.43,0.0007687082126640208,50000,55938,MSU24
Jaccard,0.05,200,59,0.295,0.0010547391755157496,50000,55938,MSU24
Jaccard,0.05,300,74,0.24666666666666667,0.0013228932031892453,50000,55938,MSU24
Jaccard,0.05,400,86,0.215,0.0015374164253280417,50000,55938,MSU24
Jaccard,0.1,50,32,0.64,0.0002860309628517287,50000,111876,MSU24
Jaccard,0.1,100,60,0.6,0.0005363080553469913,50000,111876,MSU24
Jaccard,0.1,200,102,0.51,0.0009117236940898852,50000,111876,MSU24
Jaccard,0.1,300,144,0.48,0.0012871393328327792,50000,111876,MSU24
Jaccard,0.1,400,174,0.435,0.0015552933605062747,50000,111876,MSU24
Jaccard,0.15,50,42,0.84,0.0002502756011083634,50000,167815,MSU24
Jaccard,0.15,100,69,0.69,0.00041116705896373986,50000,167815,MSU24
Jaccard,0.15,200,139,0.695,0.0008282930608110122,50000,167815,MSU24
Jaccard,0.15,300,188,0.6266666666666667,0.0011202812621041026,50000,167815,MSU24
Jaccard,0.15,400,234,0.585,0.001394392634746596,50000,167815,MSU24
Jaccard,0.2,50,38,0.76,0.0001698301251826791,50000,223753,MSU24
Jaccard,0.2,100,67,0.67,0.00029943732597998687,50000,223753,MSU24
Jaccard,0.2,200,123,0.615,0.0005497132999334087,50000,223753,MSU24
Jaccard,0.2,300,186,0.62,0.0008312737706310083,50000,223753,MSU24
Jaccard,0.2,400,226,0.565,0.001010042323454881,50000,223753,MSU24
AdamicAdar,0.05,50,9,0.18,0.0001608924166040974,50000,55938,MSU24
AdamicAdar,0.05,100,22,0.22,0.000393292573921127,50000,55938,MSU24
AdamicAdar,0.05,200,44,0.22,0.000786585147842254,50000,55938,MSU24
AdamicAdar,0.05,300,51,0.17,0.0009117236940898852,50000,55938,MSU24
AdamicAdar,0.05,400,58,0.145,0.0010368622403375165,50000,55938,MSU24
AdamicAdar,0.1,50,11,0.22,9.832314348028175e-05,50000,111876,MSU24
AdamicAdar,0.1,100,24,0.24,0.00021452322213879653,50000,111876,MSU24
AdamicAdar,0.1,200,48,0.24,0.00042904644427759305,50000,111876,MSU24
AdamicAdar,0.1,300,78,0.26,0.0006972004719510887,50000,111876,MSU24
AdamicAdar,0.1,400,104,0.26,0.0009296006292681182,50000,111876,MSU24
AdamicAdar,0.15,50,21,0.42,0.0001251378005541817,50000,167815,MSU24
AdamicAdar,0.15,100,39,0.39,0.000232398772457766,50000,167815,MSU24
AdamicAdar,0.15,200,81,0.405,0.00048267437356612936,50000,167815,MSU24
AdamicAdar,0.15,300,126,0.42,0.0007508268033250902,50000,167815,MSU24
AdamicAdar,0.15,400,182,0.455,0.001084527604802908,50000,167815,MSU24
AdamicAdar,0.2,50,19,0.38,8.491506259133955e-05,50000,223753,MSU24
AdamicAdar,0.2,100,46,0.46,0.00020558383574745368,50000,223753,MSU24
AdamicAdar,0.2,200,89,0.445,0.0003977600300331169,50000,223753,MSU24
AdamicAdar,0.2,300,129,0.43,0.0005765285828569896,50000,223753,MSU24
AdamicAdar,0.2,400,163,0.4075,0.0007284818527572815,50000,223753,MSU24
CommonNeighbors,0.05,50,16,0.32,0.0006318865763595434,50000,25321,Duke14
CommonNeighbors,0.05,100,37,0.37,0.0014612377078314443,50000,25321,Duke14
CommonNeighbors,0.05,200,64,0.32,0.0025275463054381738,50000,25321,Duke14
CommonNeighbors,0.05,300,79,0.2633333333333333,0.0031199399707752457,50000,25321,Duke14
CommonNeighbors,0.05,400,95,0.2375,0.0037518265471347895,50000,25321,Duke14
CommonNeighbors,0.1,50,28,0.56,0.0005528898367000375,50000,50643,Duke14
CommonNeighbors,0.1,100,53,0.53,0.0010465414766107854,50000,50643,Duke14
CommonNeighbors,0.1,200,93,0.465,0.0018363841004679817,50000,50643,Duke14
CommonNeighbors,0.1,300,131,0.43666666666666665,0.0025867345931323183,50000,50643,Duke14
CommonNeighbors,0.1,400,161,0.4025,0.003179116561025216,50000,50643,Duke14
CommonNeighbors,0.15,50,41,0.82,0.0005397222405054959,50000,75965,Duke14
CommonNeighbors,0.15,100,71,0.71,0.000934640953070493,50000,75965,Duke14
CommonNeighbors,0.15,200,120,0.6,0.0015796748502599882,50000,75965,Duke14
CommonNeighbors,0.15,300,164,0.5466666666666666,0.0021588889620219836,50000,75965,Duke14
CommonNeighbors,0.15,400,199,0.4975,0.0026196274600144803,50000,75965,Duke14
CommonNeighbors,0.2,50,40,0.8,0.00039491741289602813,50000,101287,Duke14
CommonNeighbors,0.2,100,73,0.73,0.0007207242785352513,50000,101287,Duke14
CommonNeighbors,0.2,200,138,0.69,0.001362465074491297,50000,101287,Duke14
CommonNeighbors,0.2,300,203,0.6766666666666666,0.002004205870447343,50000,101287,Duke14
CommonNeighbors,0.2,400,251,0.6275,0.0024781067659225765,50000,101287,Duke14
Jaccard,0.05,50,28,0.56,0.001105801508629201,50000,25321,Duke14
Jaccard,0.05,100,47,0.47,0.0018561668180561589,50000,25321,Duke14
Jaccard,0.05,200,73,0.365,0.002882982504640417,50000,25321,Duke14
Jaccard,0.05,300,100,0.3333333333333333,0.003949291102247146,50000,25321,Duke14
Jaccard,0.05,400,113,0.2825,0.0044626989455392755,50000,25321,Duke14
Jaccard,0.1,50,38,0.76,0.0007503504926643366,50000,50643,Duke14
Jaccard,0.1,100,66,0.66,0.001303240329364374,50000,50643,Duke14
Jaccard,0.1,200,112,0.56,0.00221155934680015,50000,50643,Duke14
Jaccard,0.1,300,153,0.51,0.0030211480362537764,50000,50643,Duke14
Jaccard,0.1,400,191,0.4775,0.003771498528918113,50000,50643,Duke14
Jaccard,0.15,50,43,0.86,0.0005660501546764958,50000,75965,Duke14
Jaccard,0.15,100,79,0.79,0.0010399526097544921,50000,75965,Duke14
Jaccard,0.15,200,146,0.73,0.0019219377344829856,50000,75965,Duke14
Jaccard,0.15,300,196,0.6533333333333333,0.0025801355887579806,50000,75965,Duke14
Jaccard,0.15,400,239,0.5975,0.0031461857434344764,50000,75965,Duke14
Jaccard,0.2,50,45,0.9,0.00044428208950803163,50000,101287,Duke14
Jaccard,0.2,100,87,0.87,0.0008589453730488612,50000,101287,Duke14
Jaccard,0.2,200,161,0.805,0.0015895425869065132,50000,101287,Duke14
Jaccard,0.2,300,230,0.7666666666666667,0.0022707751241521617,50000,101287,Duke14
Jaccard,0.2,400,288,0.72,0.0028434053728514023,50000,101287,Duke14
AdamicAdar,0.05,50,25,0.5,0.0009873227755617866,50000,25321,Duke14
AdamicAdar,0.05,100,39,0.39,0.0015402235298763872,50000,25321,Duke14
AdamicAdar,0.05,200,66,0.33,0.002606532127483117,50000,25321,Duke14
AdamicAdar,0.05,300,87,0.29,0.0034358832589550174,50000,25321,Duke14
AdamicAdar,0.05,400,109,0.2725,0.00430472730144939,50000,25321,Duke14
AdamicAdar,0.1,50,41,0.82,0.0008095886894536263,50000,50643,Duke14
AdamicAdar,0.1,100,70,0.7,0.0013822245917500938,50000,50643,Duke14
AdamicAdar,0.1,200,115,0.575,0.0022707975435894397,50000,50643,Duke14
AdamicAdar,0.1,300,159,0.53,0.003139624429832356,50000,50643,Duke14
AdamicAdar,0.1,400,193,0.4825,0.003810990660110973,50000,50643,Duke14
AdamicAdar,0.15,50,36,0.72,0.00047390245507799645,50000,75965,Duke14
AdamicAdar,0.15,100,71,0.71,0.000934640953070493,50000,75965,Duke14
AdamicAdar,0.15,200,126,0.63,0.0016586585927729875,50000,75965,Duke14
AdamicAdar,0.15,300,174,0.58,0.002290528532876983,50000,75965,Duke14
AdamicAdar,0.15,400,214,0.535,0.0028170868162969787,50000,75965,Duke14
AdamicAdar,0.2,50,34,0.68,0.0003356798009616239,50000,101287,Duke14
AdamicAdar,0.2,100,72,0.72,0.0007108513432128506,50000,101287,Duke14
AdamicAdar,0.2,200,131,0.655,0.001293354527234492,50000,101287,Duke14
AdamicAdar,0.2,300,182,0.6066666666666667,0.001796874228676928,50000,101287,Duke14
AdamicAdar,0.2,400,236,0.59,0.002330012736086566,50000,101287,Duke14
CommonNeighbors,0.05,50,24,0.48,0.000706090026478376,50000,33990,Baylor93
CommonNeighbors,0.05,100,41,0.41,0.0012062371285672256,50000,33990,Baylor93
CommonNeighbors,0.05,200,70,0.35,0.002059429243895263,50000,33990,Baylor93
CommonNeighbors,0.05,300,93,0.31,0.002736098852603707,50000,33990,Baylor93
CommonNeighbors,0.05,400,112,0.28,0.003295086790232421,50000,33990,Baylor93
CommonNeighbors,0.1,50,32,0.64,0.00047071975993292245,50000,67981,Baylor93
CommonNeighbors,0.1,100,64,0.64,0.0009414395198658449,50000,67981,Baylor93
CommonNeighbors,0.1,200,110,0.55,0.001618099174769421,50000,67981,Baylor93
CommonNeighbors,0.1,300,144,0.48,0.002118238919698151,50000,67981,Baylor93
CommonNeighbors,0.1,400,183,0.4575,0.0026919286271164,50000,67981,Baylor93
CommonNeighbors,0.15,50,39,0.78,0.00038245792962774094,50000,101972,Baylor93
CommonNeighbors,0.15,100,79,0.79,0.0007747224728356804,50000,101972,Baylor93
CommonNeighbors,0.15,200,130,0.65,0.0012748597654258032,50000,101972,Baylor93
CommonNeighbors,0.15,300,179,0.5966666666666667,0.001755383830855529,50000,101972,Baylor93
CommonNeighbors,0.15,400,217,0.5425,0.0021280351469030716,50000,101972,Baylor93
CommonNeighbors,0.2,50,39,0.78,0.0002868427439818186,50000,135963,Baylor93
CommonNeighbors,0.2,100,80,0.8,0.0005883953722703971,50000,135963,Baylor93
CommonNeighbors,0.2,200,164,0.82,0.001206210513154314,50000,135963,Baylor93
CommonNeighbors,0.2,300,239,0.7966666666666666,0.0017578311746578113,50000,135963,Baylor93
CommonNeighbors,0.2,400,309,0.7725,0.0022726771253944087,50000,135963,Baylor93
Jaccard,0.05,50,35,0.7,0.0010297146219476316,50000,33990,Baylor93
Jaccard,0.05,100,53,0.53,0.0015592821418064136,50000,33990,Baylor93
Jaccard,0.05,200,73,0.365,0.0021476904972050604,50000,33990,Baylor93
Jaccard,0.05,300,104,0.3466666666666667,0.0030597234480729627,50000,33990,Baylor93
Jaccard,0.05,400,123,0.3075,0.003618711385701677,50000,33990,Baylor93
Jaccard,0.1,50,40,0.8,0.000588399699916153,50000,67981,Baylor93
Jaccard,0.1,100,77,0.77,0.0011326694223385946,50000,67981,Baylor93
Jaccard,0.1,200,130,0.65,0.0019122990247274973,50000,67981,Baylor93
Jaccard,0.1,300,178,0.5933333333333334,0.002618378664626881,50000,67981,Baylor93
Jaccard,0.1,400,227,0.5675,0.0033391682970241687,50000,67981,Baylor93
Jaccard,0.15,50,46,0.92,0.00045110422468913033,50000,101972,Baylor93
Jaccard,0.15,100,89,0.89,0.0008727886086376652,50000,101972,Baylor93
Jaccard,0.15,200,171,0.855,0.0016769309222139412,50000,101972,Baylor93
Jaccard,0.15,300,238,0.7933333333333333,0.0023339740320872395,50000,101972,Baylor93
Jaccard,0.15,400,298,0.745,0.002922370846899149,50000,101972,Baylor93
Jaccard,0.2,50,47,0.94,0.00034568228120885827,50000,135963,Baylor93
Jaccard,0.2,100,91,0.91,0.0006692997359575767,50000,135963,Baylor93
Jaccard,0.2,200,163,0.815,0.001198855571000934,50000,135963,Baylor93
Jaccard,0.2,300,227,0.7566666666666667,0.0016695718688172518,50000,135963,Baylor93
Jaccard,0.2,400,294,0.735,0.0021623529930937095,50000,135963,Baylor93
AdamicAdar,0.05,50,31,0.62,0.0009120329508679023,50000,33990,Baylor93
AdamicAdar,0.05,100,59,0.59,0.0017358046484260076,50000,33990,Baylor93
AdamicAdar,0.05,200,106,0.53,0.003118564283612827,50000,33990,Baylor93
AdamicAdar,0.05,300,135,0.45,0.003971756398940865,50000,33990,Baylor93
AdamicAdar,0.05,400,158,0.395,0.004648426007649309,50000,33990,Baylor93
AdamicAdar,0.1,50,26,0.52,0.0003824598049454995,50000,67981,Baylor93
AdamicAdar,0.1,100,49,0.49,0.0007207896323972875,50000,67981,Baylor93
AdamicAdar,0.1,200,90,0.45,0.0013238993248113444,50000,67981,Baylor93
AdamicAdar,0.1,300,116,0.38666666666666666,0.001706359129756844,50000,67981,Baylor93
AdamicAdar,0.1,400,140,0.35,0.0020593989497065357,50000,67981,Baylor93
AdamicAdar,0.15,50,42,0.84,0.0004118777703683364,50000,101972,Baylor93
AdamicAdar,0.15,100,79,0.79,0.0007747224728356804,50000,101972,Baylor93
AdamicAdar,0.15,200,134,0.67,0.0013140862197465971,50000,101972,Baylor93
AdamicAdar,0.15,300,180,0.6,0.0017651904444357274,50000,101972,Baylor93
AdamicAdar,0.15,400,222,0.555,0.0021770682148040637,50000,101972,Baylor93
AdamicAdar,0.2,50,42,0.84,0.00030890757044195846,50000,135963,Baylor93
AdamicAdar,0.2,100,87,0.87,0.0006398799673440568,50000,135963,Baylor93
AdamicAdar,0.2,200,160,0.8,0.0011767907445407943,50000,135963,Baylor93
AdamicAdar,0.2,300,227,0.7566666666666667,0.0016695718688172518,50000,135963,Baylor93
AdamicAdar,0.2,400,288,0.72,0.0021182233401734296,50000,135963,Baylor93
CommonNeighbors,0.05,50,26,0.52,0.003426914458942929,50000,7587,Santa74
CommonNeighbors,0.05,100,50,0.5,0.006590220113351786,50000,7587,Santa74
CommonNeighbors,0.05,200,77,0.385,0.01014893897456175,50000,7587,Santa74
CommonNeighbors,0.05,300,105,0.35,0.01383946223803875,50000,7587,Santa74
CommonNeighbors,0.05,400,122,0.305,0.016080137076578356,50000,7587,Santa74
CommonNeighbors,0.1,50,29,0.58,0.001911163832872018,50000,15174,Santa74
CommonNeighbors,0.1,100,59,0.59,0.0038882298668775537,50000,15174,Santa74
CommonNeighbors,0.1,200,111,0.555,0.0073151443258204826,50000,15174,Santa74
CommonNeighbors,0.1,300,141,0.47,0.009292210359826018,50000,15174,Santa74
CommonNeighbors,0.1,400,162,0.405,0.010676156583629894,50000,15174,Santa74
CommonNeighbors,0.15,50,42,0.84,0.001845180564098058,50000,22762,Santa74
CommonNeighbors,0.15,100,82,0.82,0.0036024953870485896,50000,22762,Santa74
CommonNeighbors,0.15,200,151,0.755,0.006633863456638257,50000,22762,Santa74
CommonNeighbors,0.15,300,207,0.69,0.009094104208769,50000,22762,Santa74
CommonNeighbors,0.15,400,261,0.6525,0.011466479219752218,50000,22762,Santa74
CommonNeighbors,0.2,50,44,0.88,0.0014498006524102935,50000,30349,Santa74
CommonNeighbors,0.2,100,80,0.8,0.002636001186200534,50000,30349,Santa74
CommonNeighbors,0.2,200,149,0.745,0.0049095522092984945,50000,30349,Santa74
CommonNeighbors,0.2,300,207,0.69,0.006820653069293881,50000,30349,Santa74
CommonNeighbors,0.2,400,263,0.6575,0.008665853899634255,50000,30349,Santa74
Jaccard,0.05,50,29,0.58,0.003822327665744036,50000,7587,Santa74
Jaccard,0.05,100,52,0.52,0.006853828917885858,50000,7587,Santa74
Jaccard,0.05,200,104,0.52,0.013707657835771716,50000,7587,Santa74
Jaccard,0.05,300,133,0.44333333333333336,0.01752998550151575,50000,7587,Santa74
Jaccard,0.05,400,149,0.3725,0.019638855937788323,50000,7587,Santa74
Jaccard,0.1,50,43,0.86,0.002833794648741268,50000,15174,Santa74
Jaccard,0.1,100,77,0.77,0.005074469487280875,50000,15174,Santa74
Jaccard,0.1,200,124,0.62,0.008171872940556215,50000,15174,Santa74
Jaccard,0.1,300,166,0.5533333333333333,0.010939765388163965,50000,15174,Santa74
Jaccard,0.1,400,199,0.4975,0.013114538025570053,50000,15174,Santa74
Jaccard,0.15,50,48,0.96,0.002108777787540638,50000,22762,Santa74
Jaccard,0.15,100,87,0.87,0.0038221597399174063,50000,22762,Santa74
Jaccard,0.15,200,166,0.83,0.007292856515244706,50000,22762,Santa74
Jaccard,0.15,300,233,0.7766666666666666,0.010236358843686847,50000,22762,Santa74
Jaccard,0.15,400,293,0.7325,0.012872331078112644,50000,22762,Santa74
Jaccard,0.2,50,49,0.98,0.0016145507265478269,50000,30349,Santa74
Jaccard,0.2,100,96,0.96,0.0031632014234406407,50000,30349,Santa74
Jaccard,0.2,200,176,0.88,0.005799202609641174,50000,30349,Santa74
Jaccard,0.2,300,252,0.84,0.008303403736531682,50000,30349,Santa74
Jaccard,0.2,400,314,0.785,0.010346304655837095,50000,30349,Santa74
AdamicAdar,0.05,50,23,0.46,0.0030315012521418216,50000,7587,Santa74
AdamicAdar,0.05,100,40,0.4,0.0052721760906814285,50000,7587,Santa74
AdamicAdar,0.05,200,76,0.38,0.010017134572294714,50000,7587,Santa74
AdamicAdar,0.05,300,101,0.33666666666666667,0.013312244628970607,50000,7587,Santa74
AdamicAdar,0.05,400,120,0.3,0.015816528272044286,50000,7587,Santa74
AdamicAdar,0.1,50,37,0.74,0.002438381441940161,50000,15174,Santa74
AdamicAdar,0.1,100,64,0.64,0.004217740872545143,50000,15174,Santa74
AdamicAdar,0.1,200,115,0.575,0.007578753130354554,50000,15174,Santa74
AdamicAdar,0.1,300,159,0.53,0.01047844998022934,50000,15174,Santa74
AdamicAdar,0.1,400,197,0.4925,0.012982733623303018,50000,15174,Santa74
AdamicAdar,0.15,50,38,0.76,0.001669449081803005,50000,22762,Santa74
AdamicAdar,0.15,100,78,0.78,0.0034267639047535366,50000,22762,Santa74
AdamicAdar,0.15,200,144,0.72,0.006326333362621913,50000,22762,Santa74
AdamicAdar,0.15,300,204,0.68,0.008962305597047712,50000,22762,Santa74
AdamicAdar,0.15,400,257,0.6425,0.011290747737457165,50000,22762,Santa74
AdamicAdar,0.2,50,40,0.8,0.001318000593100267,50000,30349,Santa74
AdamicAdar,0.2,100,74,0.74,0.002438301097235494,50000,30349,Santa74
AdamicAdar,0.2,200,147,0.735,0.004843652179643481,50000,30349,Santa74
AdamicAdar,0.2,300,202,0.6733333333333333,0.006655902995156348,50000,30349,Santa74
AdamicAdar,0.2,400,251,0.6275,0.008270453721704174,50000,30349,Santa74
CommonNeighbors,0.05,50,21,0.42,0.0037174721189591076,50000,5649,Williams40
CommonNeighbors,0.05,100,34,0.34,0.0060187643830766505,50000,5649,Williams40
CommonNeighbors,0.05,200,59,0.295,0.010444326429456542,50000,5649,Williams40
CommonNeighbors,0.05,300,77,0.25666666666666665,0.013630731102850062,50000,5649,Williams40
CommonNeighbors,0.05,400,100,0.25,0.017702248185519562,50000,5649,Williams40
CommonNeighbors,0.1,50,30,0.6,0.0026553372278279343,50000,11298,Williams40
CommonNeighbors,0.1,100,55,0.55,0.0048681182510178795,50000,11298,Williams40
CommonNeighbors,0.1,200,111,0.555,0.009824747742963356,50000,11298,Williams40
CommonNeighbors,0.1,300,145,0.48333333333333334,0.012834129934501682,50000,11298,Williams40
CommonNeighbors,0.1,400,177,0.4425,0.015666489644184812,50000,11298,Williams40
CommonNeighbors,0.15,50,39,0.78,0.002301292264117543,50000,16947,Williams40
CommonNeighbors,0.15,100,66,0.66,0.0038944946008143033,50000,16947,Williams40
CommonNeighbors,0.15,200,120,0.6,0.007080899274207825,50000,16947,Williams40
CommonNeighbors,0.15,300,169,0.5633333333333334,0.009972266477842686,50000,16947,Williams40
CommonNeighbors,0.15,400,207,0.5175,0.012214551248008496,50000,16947,Williams40
CommonNeighbors,0.2,50,43,0.86,0.0019029074655927778,50000,22597,Williams40
CommonNeighbors,0.2,100,74,0.74,0.003274770987299199,50000,22597,Williams40
CommonNeighbors,0.2,200,140,0.7,0.0061955126786741605,50000,22597,Williams40
CommonNeighbors,0.2,300,189,0.63,0.008363942116210117,50000,22597,Williams40
CommonNeighbors,0.2,400,253,0.6325,0.011196176483604018,50000,22597,Williams40
Jaccard,0.05,50,29,0.58,0.005133651973800672,50000,5649,Williams40
Jaccard,0.05,100,51,0.51,0.009028146574614976,50000,5649,Williams40
Jaccard,0.05,200,97,0.485,0.017171180739953974,50000,5649,Williams40
Jaccard,0.05,300,135,0.45,0.02389803505045141,50000,5649,Williams40
Jaccard,0.05,400,166,0.415,0.02938573198796247,50000,5649,Williams40
Jaccard,0.1,50,32,0.64,0.0028323597096831295,50000,11298,Williams40
Jaccard,0.1,100,61,0.61,0.005399185696583466,50000,11298,Williams40
Jaccard,0.1,200,110,0.55,0.009736236502035759,50000,11298,Williams40
Jaccard,0.1,300,161,0.5366666666666666,0.014250309789343246,50000,11298,Williams40
Jaccard,0.1,400,198,0.495,0.017525225703664365,50000,11298,Williams40
Jaccard,0.15,50,35,0.7,0.0020652622883106154,50000,16947,Williams40
Jaccard,0.15,100,66,0.66,0.0038944946008143033,50000,16947,Williams40
Jaccard,0.15,200,127,0.635,0.007493951731869948,50000,16947,Williams40
Jaccard,0.15,300,181,0.6033333333333334,0.010680356405263469,50000,16947,Williams40
Jaccard,0.15,400,235,0.5875,0.013866761078656989,50000,16947,Williams40
Jaccard,0.2,50,33,0.66,0.0014603708456874807,50000,22597,Williams40
Jaccard,0.2,100,71,0.71,0.0031420100013276097,50000,22597,Williams40
Jaccard,0.2,200,146,0.73,0.006461034650617339,50000,22597,Williams40
Jaccard,0.2,300,210,0.7,0.00929326901801124,50000,22597,Williams40
Jaccard,0.2,400,271,0.6775,0.011992742399433553,50000,22597,Williams40
AdamicAdar,0.05,50,20,0.4,0.0035404496371039124,50000,5649,Williams40
AdamicAdar,0.05,100,37,0.37,0.006549831828642237,50000,5649,Williams40
AdamicAdar,0.05,200,71,0.355,0.012568596211718889,50000,5649,Williams40
AdamicAdar,0.05,300,91,0.30333333333333334,0.0161090458488228,50000,5649,Williams40
AdamicAdar,0.05,400,117,0.2925,0.020711630377057887,50000,5649,Williams40
AdamicAdar,0.1,50,29,0.58,0.002566825986900336,50000,11298,Williams40
AdamicAdar,0.1,100,56,0.56,0.004956629491945477,50000,11298,Williams40
AdamicAdar,0.1,200,99,0.495,0.008762612851832182,50000,11298,Williams40
AdamicAdar,0.1,300,125,0.4166666666666667,0.011063905115949726,50000,11298,Williams40
AdamicAdar,0.1,400,161,0.4025,0.014250309789343246,50000,11298,Williams40
AdamicAdar,0.15,50,40,0.8,0.0023602997580692746,50000,16947,Williams40
AdamicAdar,0.15,100,76,0.76,0.004484569540331622,50000,16947,Williams40
AdamicAdar,0.15,200,150,0.75,0.008851124092759781,50000,16947,Williams40
AdamicAdar,0.15,300,213,0.71,0.012568596211718889,50000,16947,Williams40
AdamicAdar,0.15,400,253,0.6325,0.014928895969788162,50000,16947,Williams40
AdamicAdar,0.2,50,39,0.78,0.0017258928176306588,50000,22597,Williams40
AdamicAdar,0.2,100,79,0.79,0.0034960392972518475,50000,22597,Williams40
AdamicAdar,0.2,200,144,0.72,0.006372527326636279,50000,22597,Williams40
AdamicAdar,0.2,300,205,0.6833333333333333,0.009072000708058591,50000,22597,Williams40
AdamicAdar,0.2,400,265,0.6625,0.011727220427490375,50000,22597,Williams40
CommonNeighbors,0.05,50,9,0.18,0.00038338658146964857,50000,23475,GWU54
CommonNeighbors,0.05,100,26,0.26,0.0011075612353567625,50000,23475,GWU54
CommonNeighbors,0.05,200,44,0.22,0.0018743343982960596,50000,23475,GWU54
CommonNeighbors,0.05,300,62,0.20666666666666667,0.002641107561235357,50000,23475,GWU54
CommonNeighbors,0.05,400,80,0.2,0.0034078807241746537,50000,23475,GWU54
CommonNeighbors,0.1,50,29,0.58,0.0006176652254478073,50000,46951,GWU54
CommonNeighbors,0.1,100,60,0.6,0.0012779280526506358,50000,46951,GWU54
CommonNeighbors,0.1,200,116,0.58,0.0024706609017912293,50000,46951,GWU54
CommonNeighbors,0.1,300,176,0.5866666666666667,0.003748588954441865,50000,46951,GWU54
CommonNeighbors,0.1,400,221,0.5525,0.004707034993929842,50000,46951,GWU54
CommonNeighbors,0.15,50,39,0.78,0.0005537727543804845,50000,70426,GWU54
CommonNeighbors,0.15,100,81,0.81,0.0011501434129440832,50000,70426,GWU54
CommonNeighbors,0.15,200,165,0.825,0.0023428847300712803,50000,70426,GWU54
CommonNeighbors,0.15,300,250,0.8333333333333334,0.0035498253485928494,50000,70426,GWU54
CommonNeighbors,0.15,400,311,0.7775,0.004415982733649505,50000,70426,GWU54
CommonNeighbors,0.2,50,39,0.78,0.00041532661711145665,50000,93902,GWU54
CommonNeighbors,0.2,100,80,0.8,0.0008519520351004239,50000,93902,GWU54
CommonNeighbors,0.2,200,159,0.795,0.0016932546697620923,50000,93902,GWU54
CommonNeighbors,0.2,300,233,0.7766666666666666,0.0024813103022299846,50000,93902,GWU54
CommonNeighbors,0.2,400,309,0.7725,0.003290664735575387,50000,93902,GWU54
Jaccard,0.05,50,18,0.36,0.0007667731629392971,50000,23475,GWU54
Jaccard,0.05,100,40,0.4,0.0017039403620873268,50000,23475,GWU54
Jaccard,0.05,200,65,0.325,0.0027689030883919063,50000,23475,GWU54
Jaccard,0.05,300,89,0.2966666666666667,0.0037912673056443025,50000,23475,GWU54
Jaccard,0.05,400,104,0.26,0.00443024494142705,50000,23475,GWU54
Jaccard,0.1,50,34,0.68,0.0007241592298353603,50000,46951,GWU54
Jaccard,0.1,100,62,0.62,0.001320525654405657,50000,46951,GWU54
Jaccard,0.1,200,96,0.48,0.0020446848842410174,50000,46951,GWU54
Jaccard,0.1,300,133,0.44333333333333336,0.0028327405167089094,50000,46951,GWU54
Jaccard,0.1,400,169,0.4225,0.0035994973482992906,50000,46951,GWU54
Jaccard,0.15,50,46,0.92,0.0006531678641410843,50000,70426,GWU54
Jaccard,0.15,100,86,0.86,0.00122113991991594,50000,70426,GWU54
Jaccard,0.15,200,151,0.755,0.002144094510550081,50000,70426,GWU54
Jaccard,0.15,300,213,0.71,0.0030244511970011078,50000,70426,GWU54
Jaccard,0.15,400,260,0.65,0.003691818362536563,50000,70426,GWU54
Jaccard,0.2,50,44,0.88,0.00046857361930523314,50000,93902,GWU54
Jaccard,0.2,100,76,0.76,0.0008093544333454026,50000,93902,GWU54
Jaccard,0.2,200,145,0.725,0.0015441630636195182,50000,93902,GWU54
Jaccard,0.2,300,202,0.6733333333333333,0.00215117888862857,50000,93902,GWU54
Jaccard,0.2,400,267,0.6675,0.0028433899171476647,50000,93902,GWU54
AdamicAdar,0.05,50,18,0.36,0.0007667731629392971,50000,23475,GWU54
AdamicAdar,0.05,100,40,0.4,0.0017039403620873268,50000,23475,GWU54
AdamicAdar,0.05,200,76,0.38,0.003237486687965921,50000,23475,GWU54
AdamicAdar,0.05,300,114,0.38,0.0048562300319488815,50000,23475,GWU54
AdamicAdar,0.05,400,139,0.3475,0.005921192758253461,50000,23475,GWU54
AdamicAdar,0.1,50,14,0.28,0.0002981832122851483,50000,46951,GWU54
AdamicAdar,0.1,100,42,0.42,0.000894549636855445,50000,46951,GWU54
AdamicAdar,0.1,200,87,0.435,0.0018529956763434219,50000,46951,GWU54
AdamicAdar,0.1,300,125,0.4166666666666667,0.0026623501096888244,50000,46951,GWU54
AdamicAdar,0.1,400,162,0.405,0.0034504057421567164,50000,46951,GWU54
AdamicAdar,0.15,50,19,0.38,0.0002697867264930565,50000,70426,GWU54
AdamicAdar,0.15,100,44,0.44,0.0006247692613523414,50000,70426,GWU54
AdamicAdar,0.15,200,102,0.51,0.0014483287422258826,50000,70426,GWU54
AdamicAdar,0.15,300,154,0.5133333333333333,0.0021866924147331953,50000,70426,GWU54
AdamicAdar,0.15,400,203,0.5075,0.0028824581830573935,50000,70426,GWU54
AdamicAdar,0.2,50,40,0.8,0.00042597601755021194,50000,93902,GWU54
AdamicAdar,0.2,100,75,0.75,0.0007987050329066474,50000,93902,GWU54
AdamicAdar,0.2,200,147,0.735,0.0015654618644970288,50000,93902,GWU54
AdamicAdar,0.2,300,213,0.71,0.0022683222934548786,50000,93902,GWU54
AdamicAdar,0.2,400,274,0.685,0.0029179357202189517,50000,93902,GWU54
CommonNeighbors,0.05,50,21,0.42,0.0010359116022099447,50000,20272,Yale4
CommonNeighbors,0.05,100,47,0.47,0.002318468823993686,50000,20272,Yale4
CommonNeighbors,0.05,200,69,0.345,0.00340370955011839,50000,20272,Yale4
CommonNeighbors,0.05,300,91,0.30333333333333334,0.004488950276243094,50000,20272,Yale4
CommonNeighbors,0.05,400,111,0.2775,0.005475532754538279,50000,20272,Yale4
CommonNeighbors,0.1,50,37,0.74,0.0009125887924230465,50000,40544,Yale4
CommonNeighbors,0.1,100,63,0.63,0.001553867403314917,50000,40544,Yale4
CommonNeighbors,0.1,200,116,0.58,0.002861089187056038,50000,40544,Yale4
CommonNeighbors,0.1,300,161,0.5366666666666666,0.003970994475138122,50000,40544,Yale4
CommonNeighbors,0.1,400,199,0.4975,0.004908247829518548,50000,40544,Yale4
CommonNeighbors,0.15,50,30,0.6,0.0004932912391475928,50000,60816,Yale4
CommonNeighbors,0.15,100,64,0.64,0.0010523546435148646,50000,60816,Yale4
CommonNeighbors,0.15,200,125,0.625,0.0020553801631149698,50000,60816,Yale4
CommonNeighbors,0.15,300,176,0.5866666666666667,0.0028939752696658773,50000,60816,Yale4
CommonNeighbors,0.15,400,225,0.5625,0.0036996842936069456,50000,60816,Yale4
CommonNeighbors,0.2,50,35,0.7,0.00043162983425414363,50000,81088,Yale4
CommonNeighbors,0.2,100,72,0.72,0.000887924230465667,50000,81088,Yale4
CommonNeighbors,0.2,200,146,0.73,0.0018005130228887134,50000,81088,Yale4
CommonNeighbors,0.2,300,199,0.6633333333333333,0.002454123914759274,50000,81088,Yale4
CommonNeighbors,0.2,400,250,0.625,0.0030830702446724544,50000,81088,Yale4
Jaccard,0.05,50,40,0.8,0.001973164956590371,50000,20272,Yale4
Jaccard,0.05,100,68,0.68,0.0033543804262036307,50000,20272,Yale4
Jaccard,0.05,200,105,0.525,0.0051795580110497235,50000,20272,Yale4
Jaccard,0.05,300,133,0.44333333333333336,0.006560773480662983,50000,20272,Yale4
Jaccard,0.05,400,157,0.3925,0.007744672454617206,50000,20272,Yale4
Jaccard,0.1,50,41,0.82,0.001011247040252565,50000,40544,Yale4
Jaccard,0.1,100,77,0.77,0.001899171270718232,50000,40544,Yale4
Jaccard,0.1,200,131,0.655,0.0032310576164167326,50000,40544,Yale4
Jaccard,0.1,300,173,0.5766666666666667,0.004266969218626677,50000,40544,Yale4
Jaccard,0.1,400,210,0.525,0.0051795580110497235,50000,40544,Yale4
Jaccard,0.15,50,48,0.96,0.0007892659826361484,50000,60816,Yale4
Jaccard,0.15,100,87,0.87,0.001430544593528019,50000,60816,Yale4
Jaccard,0.15,200,158,0.79,0.002598000526177322,50000,60816,Yale4
Jaccard,0.15,300,217,0.7233333333333334,0.0035681399631675875,50000,60816,Yale4
Jaccard,0.15,400,273,0.6825,0.004488950276243094,50000,60816,Yale4
Jaccard,0.2,50,44,0.88,0.000542620363062352,50000,81088,Yale4
Jaccard,0.2,100,88,0.88,0.001085240726124704,50000,81088,Yale4
Jaccard,0.2,200,155,0.775,0.0019115035516969218,50000,81088,Yale4
Jaccard,0.2,300,215,0.7166666666666667,0.002651440410418311,50000,81088,Yale4
Jaccard,0.2,400,274,0.685,0.0033790449881610104,50000,81088,Yale4
AdamicAdar,0.05,50,15,0.3,0.0007399368587213891,50000,20272,Yale4
AdamicAdar,0.05,100,34,0.34,0.0016771902131018153,50000,20272,Yale4
AdamicAdar,0.05,200,58,0.29,0.002861089187056038,50000,20272,Yale4
AdamicAdar,0.05,300,90,0.3,0.004439621152328334,50000,20272,Yale4
AdamicAdar,0.05,400,115,0.2875,0.005672849250197317,50000,20272,Yale4
AdamicAdar,0.1,50,24,0.48,0.0005919494869771113,50000,40544,Yale4
AdamicAdar,0.1,100,46,0.46,0.0011345698500394633,50000,40544,Yale4
AdamicAdar,0.1,200,101,0.505,0.0024911207576953434,50000,40544,Yale4
AdamicAdar,0.1,300,155,0.5166666666666667,0.0038230071033938436,50000,40544,Yale4
AdamicAdar,0.1,400,197,0.4925,0.004858918705603788,50000,40544,Yale4
AdamicAdar,0.15,50,38,0.76,0.0006248355695869508,50000,60816,Yale4
AdamicAdar,0.15,100,70,0.7,0.0011510128913443832,50000,60816,Yale4
AdamicAdar,0.15,200,126,0.63,0.0020718232044198894,50000,60816,Yale4
AdamicAdar,0.15,300,187,0.6233333333333333,0.003074848724019995,50000,60816,Yale4
AdamicAdar,0.15,400,235,0.5875,0.003864114706656143,50000,60816,Yale4
AdamicAdar,0.2,50,35,0.7,0.00043162983425414363,50000,81088,Yale4
AdamicAdar,0.2,100,72,0.72,0.000887924230465667,50000,81088,Yale4
AdamicAdar,0.2,200,139,0.695,0.0017141870560378847,50000,81088,Yale4
AdamicAdar,0.2,300,203,0.6766666666666666,0.0025034530386740333,50000,81088,Yale4
AdamicAdar,0.2,400,271,0.6775,0.003342048145224941,50000,81088,Yale4
CommonNeighbors,0.05,50,22,0.44,0.0052145058070632855,50000,4219,Bowdoin47
CommonNeighbors,0.05,100,45,0.45,0.01066603460535672,50000,4219,Bowdoin47
CommonNeighbors,0.05,200,64,0.32,0.015169471438729557,50000,4219,Bowdoin47
CommonNeighbors,0.05,300,78,0.26,0.018487793315951646,50000,4219,Bowdoin47
CommonNeighbors,0.05,400,100,0.25,0.02370229912301493,50000,4219,Bowdoin47
CommonNeighbors,0.1,50,30,0.6,0.00355534486845224,50000,8438,Bowdoin47
CommonNeighbors,0.1,100,58,0.58,0.00687366674567433,50000,8438,Bowdoin47
CommonNeighbors,0.1,200,90,0.45,0.01066603460535672,50000,8438,Bowdoin47
CommonNeighbors,0.1,300,117,0.39,0.013865844986963735,50000,8438,Bowdoin47
CommonNeighbors,0.1,400,146,0.365,0.0173026783598009,50000,8438,Bowdoin47
CommonNeighbors,0.15,50,38,0.76,0.003002291222248558,50000,12657,Bowdoin47
CommonNeighbors,0.15,100,72,0.72,0.005688551789523584,50000,12657,Bowdoin47
CommonNeighbors,0.15,200,137,0.685,0.010824049932843485,50000,12657,Bowdoin47
CommonNeighbors,0.15,300,184,0.6133333333333333,0.014537410128782492,50000,12657,Bowdoin47
CommonNeighbors,0.15,400,236,0.59,0.018645808643438413,50000,12657,Bowdoin47
CommonNeighbors,0.2,50,38,0.76,0.0022515849973336493,50000,16877,Bowdoin47
CommonNeighbors,0.2,100,79,0.79,0.004680926704983113,50000,16877,Bowdoin47
CommonNeighbors,0.2,200,145,0.725,0.00859157433193103,50000,16877,Bowdoin47
CommonNeighbors,0.2,300,193,0.6433333333333333,0.01143568169698406,50000,16877,Bowdoin47
CommonNeighbors,0.2,400,233,0.5825,0.013805771167861587,50000,16877,Bowdoin47
Jaccard,0.05,50,22,0.44,0.0052145058070632855,50000,4219,Bowdoin47
Jaccard,0.05,100,41,0.41,0.009717942640436123,50000,4219,Bowdoin47
Jaccard,0.05,200,83,0.415,0.019672908272102396,50000,4219,Bowdoin47
Jaccard,0.05,300,113,0.37666666666666665,0.026783598009006874,50000,4219,Bowdoin47
Jaccard,0.05,400,135,0.3375,0.031998103816070156,50000,4219,Bowdoin47
Jaccard,0.1,50,40,0.8,0.004740459824602986,50000,8438,Bowdoin47
Jaccard,0.1,100,66,0.66,0.007821758710594928,50000,8438,Bowdoin47
Jaccard,0.1,200,111,0.555,0.013154776013273287,50000,8438,Bowdoin47
Jaccard,0.1,300,147,0.49,0.017421189855415974,50000,8438,Bowdoin47
Jaccard,0.1,400,184,0.46,0.02180611519317374,50000,8438,Bowdoin47
Jaccard,0.15,50,32,0.64,0.0025282452397882593,50000,12657,Bowdoin47
Jaccard,0.15,100,67,0.67,0.0052935134708066685,50000,12657,Bowdoin47
Jaccard,0.15,200,129,0.645,0.010191988622896421,50000,12657,Bowdoin47
Jaccard,0.15,300,190,0.6333333333333333,0.01501145611124279,50000,12657,Bowdoin47
Jaccard,0.15,400,240,0.6,0.018961839298411946,50000,12657,Bowdoin47
Jaccard,0.2,50,38,0.76,0.0022515849973336493,50000,16877,Bowdoin47
Jaccard,0.2,100,72,0.72,0.004266161047579546,50000,16877,Bowdoin47
Jaccard,0.2,200,136,0.68,0.008058304200983588,50000,16877,Bowdoin47
Jaccard,0.2,300,199,0.6633333333333333,0.01179119511761569,50000,16877,Bowdoin47
Jaccard,0.2,400,245,0.6125,0.014516798009124844,50000,16877,Bowdoin47
AdamicAdar,0.05,50,25,0.5,0.005925574780753733,50000,4219,Bowdoin47
AdamicAdar,0.05,100,48,0.48,0.011377103579047167,50000,4219,Bowdoin47
AdamicAdar,0.05,200,67,0.335,0.015880540412420006,50000,4219,Bowdoin47
AdamicAdar,0.05,300,82,0.2733333333333333,0.019435885280872246,50000,4219,Bowdoin47
AdamicAdar,0.05,400,101,0.2525,0.02393932211424508,50000,4219,Bowdoin47
AdamicAdar,0.1,50,31,0.62,0.0036738563640673146,50000,8438,Bowdoin47
AdamicAdar,0.1,100,60,0.6,0.00711068973690448,50000,8438,Bowdoin47
AdamicAdar,0.1,200,103,0.515,0.01220668404835269,50000,8438,Bowdoin47
AdamicAdar,0.1,300,134,0.44666666666666666,0.015880540412420006,50000,8438,Bowdoin47
AdamicAdar,0.1,400,168,0.42,0.019909931263332542,50000,8438,Bowdoin47
AdamicAdar,0.15,50,37,0.74,0.002923283558505175,50000,12657,Bowdoin47
AdamicAdar,0.15,100,72,0.72,0.005688551789523584,50000,12657,Bowdoin47
AdamicAdar,0.15,200,133,0.665,0.010508019277869953,50000,12657,Bowdoin47
AdamicAdar,0.15,300,177,0.59,0.01398435648257881,50000,12657,Bowdoin47
AdamicAdar,0.15,400,222,0.555,0.01753970135103105,50000,12657,Bowdoin47
AdamicAdar,0.2,50,39,0.78,0.0023108372341055874,50000,16877,Bowdoin47
AdamicAdar,0.2,100,81,0.81,0.004799431178526989,50000,16877,Bowdoin47
AdamicAdar,0.2,200,152,0.76,0.009006339989334597,50000,16877,Bowdoin47
AdamicAdar,0.2,300,213,0.71,0.012620726432422824,50000,16877,Bowdoin47
AdamicAdar,0.2,400,276,0.69,0.016353617349054928,50000,16877,Bowdoin47
CommonNeighbors,0.05,50,27,0.54,0.0008314855875831486,50000,32472,MU78
CommonNeighbors,0.05,100,46,0.46,0.0014166050751416605,50000,32472,MU78
CommonNeighbors,0.05,200,63,0.315,0.0019401330376940134,50000,32472,MU78
CommonNeighbors,0.05,300,84,0.28,0.0025868440502586844,50000,32472,MU78
CommonNeighbors,0.05,400,95,0.2375,0.00292559743779256,50000,32472,MU78
CommonNeighbors,0.1,50,35,0.7,0.0005389258438038926,50000,64944,MU78
CommonNeighbors,0.1,100,67,0.67,0.0010316580438531659,50000,64944,MU78
CommonNeighbors,0.1,200,120,0.6,0.0018477457501847746,50000,64944,MU78
CommonNeighbors,0.1,300,162,0.54,0.0024944567627494456,50000,64944,MU78
CommonNeighbors,0.1,400,194,0.485,0.002987188962798719,50000,64944,MU78
CommonNeighbors,0.15,50,47,0.94,0.00048246694588158,50000,97416,MU78
CommonNeighbors,0.15,100,97,0.97,0.0009957296542662396,50000,97416,MU78
CommonNeighbors,0.15,200,188,0.94,0.00192986778352632,50000,97416,MU78
CommonNeighbors,0.15,300,263,0.8766666666666667,0.0026997618461033096,50000,97416,MU78
CommonNeighbors,0.15,400,325,0.8125,0.0033362076045002874,50000,97416,MU78
CommonNeighbors,0.2,50,50,1.0,0.0003849470312884947,50000,129888,MU78
CommonNeighbors,0.2,100,98,0.98,0.0007544961813254497,50000,129888,MU78
CommonNeighbors,0.2,200,192,0.96,0.0014781966001478197,50000,129888,MU78
CommonNeighbors,0.2,300,285,0.95,0.00219419807834442,50000,129888,MU78
CommonNeighbors,0.2,400,369,0.9225,0.002840909090909091,50000,129888,MU78
Jaccard,0.05,50,31,0.62,0.0009546686375954669,50000,32472,MU78
Jaccard,0.05,100,50,0.5,0.0015397881251539788,50000,32472,MU78
Jaccard,0.05,200,94,0.47,0.0028948016752894804,50000,32472,MU78
Jaccard,0.05,300,122,0.4066666666666667,0.0037570830253757085,50000,32472,MU78
Jaccard,0.05,400,150,0.375,0.004619364375461937,50000,32472,MU78
Jaccard,0.1,50,39,0.78,0.0006005173688100518,50000,64944,MU78
Jaccard,0.1,100,73,0.73,0.0011240453313624045,50000,64944,MU78
Jaccard,0.1,200,128,0.64,0.001970928800197093,50000,64944,MU78
Jaccard,0.1,300,171,0.57,0.002633037694013304,50000,64944,MU78
Jaccard,0.1,400,219,0.5475,0.0033721359940872137,50000,64944,MU78
Jaccard,0.15,50,48,0.96,0.0004927322000492732,50000,97416,MU78
Jaccard,0.15,100,86,0.86,0.0008828118584216146,50000,97416,MU78
Jaccard,0.15,200,154,0.77,0.0015808491418247517,50000,97416,MU78
Jaccard,0.15,300,217,0.7233333333333334,0.0022275601543894226,50000,97416,MU78
Jaccard,0.15,400,273,0.6825,0.0028024143877802415,50000,97416,MU78
Jaccard,0.2,50,36,0.72,0.0002771618625277162,50000,129888,MU78
Jaccard,0.2,100,69,0.69,0.0005312269031781227,50000,129888,MU78
Jaccard,0.2,200,128,0.64,0.0009854644000985464,50000,129888,MU78
Jaccard,0.2,300,185,0.6166666666666667,0.0014243040157674305,50000,129888,MU78
Jaccard,0.2,400,250,0.625,0.0019247351564424735,50000,129888,MU78
AdamicAdar,0.05,50,44,0.88,0.0013550135501355014,50000,32472,MU78
AdamicAdar,0.05,100,80,0.8,0.002463661000246366,50000,32472,MU78
AdamicAdar,0.05,200,129,0.645,0.003972653362897266,50000,32472,MU78
AdamicAdar,0.05,300,154,0.5133333333333333,0.0047425474254742545,50000,32472,MU78
AdamicAdar,0.05,400,181,0.4525,0.005574033013057403,50000,32472,MU78
AdamicAdar,0.1,50,49,0.98,0.0007544961813254497,50000,64944,MU78
AdamicAdar,0.1,100,88,0.88,0.0013550135501355014,50000,64944,MU78
AdamicAdar,0.1,200,160,0.8,0.002463661000246366,50000,64944,MU78
AdamicAdar,0.1,300,208,0.6933333333333334,0.003202759300320276,50000,64944,MU78
AdamicAdar,0.1,400,259,0.6475,0.003988051244148805,50000,64944,MU78
AdamicAdar,0.15,50,41,0.82,0.00042087542087542086,50000,97416,MU78
AdamicAdar,0.15,100,77,0.77,0.0007904245709123758,50000,97416,MU78
AdamicAdar,0.15,200,139,0.695,0.0014268703293093537,50000,97416,MU78
AdamicAdar,0.15,300,200,0.6666666666666666,0.0020530508335386386,50000,97416,MU78
AdamicAdar,0.15,400,238,0.595,0.00244313049191098,50000,97416,MU78
AdamicAdar,0.2,50,50,1.0,0.0003849470312884947,50000,129888,MU78
AdamicAdar,0.2,100,97,0.97,0.0007467972406996797,50000,129888,MU78
AdamicAdar,0.2,200,188,0.94,0.0014474008376447402,50000,129888,MU78
AdamicAdar,0.2,300,271,0.9033333333333333,0.002086412909583641,50000,129888,MU78
AdamicAdar,0.2,400,351,0.8775,0.0027023281596452327,50000,129888,MU78
